{
    "accuracy": [
        0.9134680032730103,
        0.941077470779419,
        0.9503366947174072,
        0.9661616086959839,
        0.9744107723236084,
        0.9755892157554626,
        0.9824915528297424,
        0.9767676591873169,
        0.9936026930809021,
        0.9818181991577148
    ],
    "loss": [
        0.22522714734077454,
        0.1545739322900772,
        0.128128781914711,
        0.09536261111497879,
        0.07111842185258865,
        0.07320785522460938,
        0.04995662719011307,
        0.05832413211464882,
        0.02556612156331539,
        0.046899523586034775
    ],
    "val_accuracy": [
        0.9060605764389038,
        0.9257575869560242,
        0.9318181872367859,
        0.9303030371665955,
        0.9121212363243103,
        0.9090909361839294,
        0.9454545378684998,
        0.9409090876579285,
        0.9409090876579285,
        0.939393937587738
    ],
    "val_loss": [
        0.25598424673080444,
        0.21392813324928284,
        0.22610628604888916,
        0.2243843376636505,
        0.31530502438545227,
        0.2773200571537018,
        0.22525200247764587,
        0.21582208573818207,
        0.28321802616119385,
        0.2854174077510834
    ]
}